{"cameraMode":{"drawMode":0,"name":"Shaded","section":"Shading Mode"},"sceneLighting":true,"audioPlay":false,"sceneViewState":{"m_AlwaysRefresh":false,"showFog":true,"showSkybox":true,"showFlares":true,"showImageEffects":true,"showParticleSystems":true,"showVisualEffectGraphs":true,"m_FxEnabled":false},"in2DMode":false,"pivot":{"x":1509.0347900390625,"y":457.2099914550781,"z":-483.46588134765627},"rotation":{"x":-0.04858921840786934,"y":0.009285683743655682,"z":-0.00045125390170142055,"w":-0.9987941384315491},"size":10.127055168151856,"orthographic":false}